frame,class_name,action,before,after
2,aunt_jemima_original_syrup,반환,0,1
112,aunt_jemima_original_syrup,구매,1,0
116,aunt_jemima_original_syrup,반환,0,1
160,aunt_jemima_original_syrup,구매,1,0
162,aunt_jemima_original_syrup,반환,0,1
384,aunt_jemima_original_syrup,구매,1,0
386,aunt_jemima_original_syrup,반환,0,1
490,aunt_jemima_original_syrup,구매,1,0
492,aunt_jemima_original_syrup,반환,0,1
510,aunt_jemima_original_syrup,구매,1,0
512,aunt_jemima_original_syrup,반환,0,1
534,aunt_jemima_original_syrup,구매,1,0
536,aunt_jemima_original_syrup,반환,0,1
578,aunt_jemima_original_syrup,구매,1,0
580,aunt_jemima_original_syrup,반환,0,1
588,aunt_jemima_original_syrup,구매,1,0
590,aunt_jemima_original_syrup,반환,0,1
626,aunt_jemima_original_syrup,구매,1,0
628,aunt_jemima_original_syrup,반환,0,1
630,aunt_jemima_original_syrup,구매,1,0
632,aunt_jemima_original_syrup,반환,0,1
636,aunt_jemima_original_syrup,구매,1,0
638,aunt_jemima_original_syrup,반환,0,1
648,aunt_jemima_original_syrup,구매,1,0
650,aunt_jemima_original_syrup,반환,0,1
744,aunt_jemima_original_syrup,구매,1,0
746,aunt_jemima_original_syrup,반환,0,1
788,aunt_jemima_original_syrup,구매,1,0
790,aunt_jemima_original_syrup,반환,0,1
792,aunt_jemima_original_syrup,구매,1,0
794,aunt_jemima_original_syrup,반환,0,1
798,aunt_jemima_original_syrup,구매,1,0
804,aunt_jemima_original_syrup,반환,0,1
808,aunt_jemima_original_syrup,구매,1,0
812,aunt_jemima_original_syrup,반환,0,1
814,aunt_jemima_original_syrup,구매,1,0
816,aunt_jemima_original_syrup,반환,0,1
828,aunt_jemima_original_syrup,구매,1,0
836,aunt_jemima_original_syrup,반환,0,1
840,aunt_jemima_original_syrup,구매,1,0
848,aunt_jemima_original_syrup,반환,0,1
856,aunt_jemima_original_syrup,구매,1,0
1922,band_aid_clear_strips,반환,0,1
1924,band_aid_clear_strips,구매,1,0
1950,band_aid_clear_strips,반환,0,1
3276,band_aid_clear_strips,구매,1,0
3278,band_aid_clear_strips,반환,0,1
3382,band_aid_clear_strips,구매,1,0
2174,bumblebee_albacore,반환,0,1
2178,bumblebee_albacore,구매,1,0
2446,bumblebee_albacore,반환,0,1
2448,bumblebee_albacore,구매,1,0
3080,bumblebee_albacore,반환,0,1
3082,bumblebee_albacore,구매,1,0
522,cholula_chipotle_hot_sauce,반환,1,2
524,cholula_chipotle_hot_sauce,구매,2,1
574,cholula_chipotle_hot_sauce,구매,1,0
2164,crayola_24_crayons,반환,0,1
2176,crayola_24_crayons,구매,1,0
2184,crayola_24_crayons,반환,0,1
3218,crayola_24_crayons,구매,1,0
418,hersheys_cocoa,구매,1,0
5714,honey_bunches_of_oats_honey_roasted,반환,0,1
5952,honey_bunches_of_oats_honey_roasted,구매,1,0
6486,honey_bunches_of_oats_with_almonds,반환,0,1
6944,honey_bunches_of_oats_with_almonds,구매,1,0
6948,honey_bunches_of_oats_with_almonds,반환,0,1
6966,honey_bunches_of_oats_with_almonds,구매,1,0
1472,hunts_sauce,반환,0,1
1488,hunts_sauce,구매,1,0
1490,hunts_sauce,반환,0,1
1494,hunts_sauce,구매,1,0
1496,hunts_sauce,반환,0,1
1502,hunts_sauce,구매,1,0
1508,hunts_sauce,반환,0,1
1570,hunts_sauce,구매,1,0
3438,hunts_sauce,반환,0,1
3516,hunts_sauce,구매,1,0
3536,hunts_sauce,반환,0,1
3542,hunts_sauce,구매,1,0
1052,listerine_green,구매,1,0
1058,listerine_green,반환,0,1
1062,listerine_green,구매,1,0
1068,listerine_green,반환,0,1
1070,listerine_green,구매,1,0
1074,listerine_green,반환,0,1
1076,listerine_green,구매,1,0
5398,mahatma_rice,반환,0,1
5410,mahatma_rice,구매,1,0
5412,mahatma_rice,반환,0,1
5414,mahatma_rice,구매,1,0
5420,mahatma_rice,반환,0,1
6260,mahatma_rice,구매,1,0
6262,mahatma_rice,반환,0,1
6266,mahatma_rice,구매,1,0
6276,mahatma_rice,반환,0,1
6278,mahatma_rice,구매,1,0
2,white_rain_body_wash,반환,0,1
4,white_rain_body_wash,구매,1,0
8,white_rain_body_wash,반환,0,1
12,white_rain_body_wash,구매,1,0
14,white_rain_body_wash,반환,0,1
16,white_rain_body_wash,구매,1,0
22,white_rain_body_wash,반환,0,1
28,white_rain_body_wash,구매,1,0
36,white_rain_body_wash,반환,0,1
38,white_rain_body_wash,구매,1,0
48,white_rain_body_wash,반환,0,1
56,white_rain_body_wash,구매,1,0
68,white_rain_body_wash,반환,0,1
94,white_rain_body_wash,구매,1,0
96,white_rain_body_wash,반환,0,1
104,white_rain_body_wash,구매,1,0
120,white_rain_body_wash,반환,0,1
128,white_rain_body_wash,구매,1,0
132,white_rain_body_wash,반환,0,1
150,white_rain_body_wash,구매,1,0
164,white_rain_body_wash,반환,0,1
188,white_rain_body_wash,구매,1,0
190,white_rain_body_wash,반환,0,1
198,white_rain_body_wash,구매,1,0
204,white_rain_body_wash,반환,0,1
206,white_rain_body_wash,구매,1,0
212,white_rain_body_wash,반환,0,1
226,white_rain_body_wash,구매,1,0
228,white_rain_body_wash,반환,0,1
246,white_rain_body_wash,구매,1,0
250,white_rain_body_wash,반환,0,1
260,white_rain_body_wash,구매,1,0
282,white_rain_body_wash,반환,0,1
284,white_rain_body_wash,구매,1,0
286,white_rain_body_wash,반환,0,1
290,white_rain_body_wash,구매,1,0
294,white_rain_body_wash,반환,0,1
298,white_rain_body_wash,구매,1,0
324,white_rain_body_wash,반환,0,1
328,white_rain_body_wash,구매,1,0
330,white_rain_body_wash,반환,0,1
338,white_rain_body_wash,구매,1,0
340,white_rain_body_wash,반환,0,1
342,white_rain_body_wash,구매,1,0
348,white_rain_body_wash,반환,0,1
350,white_rain_body_wash,구매,1,0
360,white_rain_body_wash,반환,0,1
362,white_rain_body_wash,구매,1,0
372,white_rain_body_wash,반환,0,1
376,white_rain_body_wash,구매,1,0
378,white_rain_body_wash,반환,0,1
382,white_rain_body_wash,구매,1,0
384,white_rain_body_wash,반환,0,1
402,white_rain_body_wash,구매,1,0
416,white_rain_body_wash,반환,0,1
418,white_rain_body_wash,구매,1,0
456,white_rain_body_wash,반환,0,1
474,white_rain_body_wash,구매,1,0
476,white_rain_body_wash,반환,0,1
478,white_rain_body_wash,구매,1,0
484,white_rain_body_wash,반환,0,1
486,white_rain_body_wash,구매,1,0
504,white_rain_body_wash,반환,0,1
506,white_rain_body_wash,구매,1,0
508,white_rain_body_wash,반환,0,1
510,white_rain_body_wash,구매,1,0
550,white_rain_body_wash,반환,0,1
558,white_rain_body_wash,구매,1,0
560,white_rain_body_wash,반환,0,1
562,white_rain_body_wash,구매,1,0
564,white_rain_body_wash,반환,0,1
568,white_rain_body_wash,구매,1,0
570,white_rain_body_wash,반환,0,1
572,white_rain_body_wash,구매,1,0
576,white_rain_body_wash,반환,0,1
578,white_rain_body_wash,구매,1,0
596,white_rain_body_wash,반환,0,1
598,white_rain_body_wash,구매,1,0
654,white_rain_body_wash,반환,0,1
656,white_rain_body_wash,구매,1,0
676,white_rain_body_wash,반환,0,1
678,white_rain_body_wash,구매,1,0
684,white_rain_body_wash,반환,0,1
686,white_rain_body_wash,구매,1,0
788,white_rain_body_wash,반환,0,1
790,white_rain_body_wash,구매,1,0
828,white_rain_body_wash,반환,0,1
830,white_rain_body_wash,구매,1,0
836,white_rain_body_wash,반환,0,1
838,white_rain_body_wash,구매,1,0
880,white_rain_body_wash,반환,0,1
882,white_rain_body_wash,구매,1,0
894,white_rain_body_wash,반환,0,1
896,white_rain_body_wash,구매,1,0
908,white_rain_body_wash,반환,0,1
910,white_rain_body_wash,구매,1,0
930,white_rain_body_wash,반환,0,1
932,white_rain_body_wash,구매,1,0
990,pringles_bbq,구매,1,0
996,pringles_bbq,반환,0,1
1000,pringles_bbq,구매,1,0
1002,pringles_bbq,반환,0,1
1004,pringles_bbq,구매,1,0
5458,cheeze_it,반환,0,1
6102,cheeze_it,구매,1,0
2402,hersheys_bar,반환,0,1
2464,hersheys_bar,구매,1,0
2466,hersheys_bar,반환,0,1
2546,hersheys_bar,구매,1,0
2570,hersheys_bar,반환,0,1
2574,hersheys_bar,구매,1,0
2586,hersheys_bar,반환,0,1
2618,hersheys_bar,구매,1,0
2620,hersheys_bar,반환,0,1
2622,hersheys_bar,구매,1,0
2624,hersheys_bar,반환,0,1
2640,hersheys_bar,구매,1,0
2642,hersheys_bar,반환,0,1
2654,hersheys_bar,구매,1,0
2656,hersheys_bar,반환,0,1
2702,hersheys_bar,구매,1,0
2704,hersheys_bar,반환,0,1
2718,hersheys_bar,구매,1,0
2724,hersheys_bar,반환,0,1
2812,hersheys_bar,구매,1,0
2814,hersheys_bar,반환,0,1
2816,hersheys_bar,구매,1,0
2820,hersheys_bar,반환,0,1
2838,hersheys_bar,구매,1,0
2028,mom_to_mom_sweet_potato_corn_apple,반환,0,1
2030,mom_to_mom_sweet_potato_corn_apple,구매,1,0
2064,mom_to_mom_sweet_potato_corn_apple,반환,0,1
2066,mom_to_mom_sweet_potato_corn_apple,구매,1,0
2074,mom_to_mom_sweet_potato_corn_apple,반환,0,1
2076,mom_to_mom_sweet_potato_corn_apple,구매,1,0
2088,mom_to_mom_sweet_potato_corn_apple,반환,0,1
2090,mom_to_mom_sweet_potato_corn_apple,구매,1,0
2098,mom_to_mom_sweet_potato_corn_apple,반환,0,1
2106,mom_to_mom_sweet_potato_corn_apple,구매,1,0
2112,mom_to_mom_sweet_potato_corn_apple,반환,0,1
2114,mom_to_mom_sweet_potato_corn_apple,구매,1,0
2118,mom_to_mom_sweet_potato_corn_apple,반환,0,1
2120,mom_to_mom_sweet_potato_corn_apple,구매,1,0
2130,mom_to_mom_sweet_potato_corn_apple,반환,0,1
2132,mom_to_mom_sweet_potato_corn_apple,구매,1,0
2140,mom_to_mom_sweet_potato_corn_apple,반환,0,1
2142,mom_to_mom_sweet_potato_corn_apple,구매,1,0
2148,mom_to_mom_sweet_potato_corn_apple,반환,0,1
2162,mom_to_mom_sweet_potato_corn_apple,구매,1,0
2184,mom_to_mom_sweet_potato_corn_apple,반환,0,1
2186,mom_to_mom_sweet_potato_corn_apple,구매,1,0
2324,mom_to_mom_sweet_potato_corn_apple,반환,0,1
2326,mom_to_mom_sweet_potato_corn_apple,구매,1,0
2352,mom_to_mom_sweet_potato_corn_apple,반환,0,1
2354,mom_to_mom_sweet_potato_corn_apple,구매,1,0
2384,mom_to_mom_sweet_potato_corn_apple,반환,0,1
2386,mom_to_mom_sweet_potato_corn_apple,구매,1,0
2572,mom_to_mom_sweet_potato_corn_apple,반환,0,1
2574,mom_to_mom_sweet_potato_corn_apple,구매,1,0
2884,mom_to_mom_sweet_potato_corn_apple,반환,0,1
2888,mom_to_mom_sweet_potato_corn_apple,구매,1,0
3216,mom_to_mom_sweet_potato_corn_apple,반환,0,1
3218,mom_to_mom_sweet_potato_corn_apple,구매,1,0
3228,mom_to_mom_sweet_potato_corn_apple,반환,0,1
3240,mom_to_mom_sweet_potato_corn_apple,구매,1,0
3252,mom_to_mom_sweet_potato_corn_apple,반환,0,1
3254,mom_to_mom_sweet_potato_corn_apple,구매,1,0
3256,mom_to_mom_sweet_potato_corn_apple,반환,0,1
3262,mom_to_mom_sweet_potato_corn_apple,구매,1,0
3276,mom_to_mom_sweet_potato_corn_apple,반환,0,1
3294,mom_to_mom_sweet_potato_corn_apple,구매,1,0
3298,mom_to_mom_sweet_potato_corn_apple,반환,0,1
3314,mom_to_mom_sweet_potato_corn_apple,구매,1,0
3320,mom_to_mom_sweet_potato_corn_apple,반환,0,1
3322,mom_to_mom_sweet_potato_corn_apple,구매,1,0
3324,mom_to_mom_sweet_potato_corn_apple,반환,0,1
3334,mom_to_mom_sweet_potato_corn_apple,구매,1,0
3336,mom_to_mom_sweet_potato_corn_apple,반환,0,1
3352,mom_to_mom_sweet_potato_corn_apple,구매,1,0
3354,mom_to_mom_sweet_potato_corn_apple,반환,0,1
3356,mom_to_mom_sweet_potato_corn_apple,구매,1,0
3358,mom_to_mom_sweet_potato_corn_apple,반환,0,1
3362,mom_to_mom_sweet_potato_corn_apple,구매,1,0
3374,mom_to_mom_sweet_potato_corn_apple,반환,0,1
3382,mom_to_mom_sweet_potato_corn_apple,구매,1,0
3384,mom_to_mom_sweet_potato_corn_apple,반환,0,1
3386,mom_to_mom_sweet_potato_corn_apple,구매,1,0
3396,mom_to_mom_sweet_potato_corn_apple,반환,0,1
3398,mom_to_mom_sweet_potato_corn_apple,구매,1,0
3400,mom_to_mom_sweet_potato_corn_apple,반환,0,1
3406,mom_to_mom_sweet_potato_corn_apple,구매,1,0
3408,mom_to_mom_sweet_potato_corn_apple,반환,0,1
3414,mom_to_mom_sweet_potato_corn_apple,구매,1,0
3418,mom_to_mom_sweet_potato_corn_apple,반환,0,1
3432,mom_to_mom_sweet_potato_corn_apple,구매,1,0
3442,mom_to_mom_sweet_potato_corn_apple,반환,0,1
3444,mom_to_mom_sweet_potato_corn_apple,구매,1,0
3446,mom_to_mom_sweet_potato_corn_apple,반환,0,1
3448,mom_to_mom_sweet_potato_corn_apple,구매,1,0
3454,mom_to_mom_sweet_potato_corn_apple,반환,0,1
3456,mom_to_mom_sweet_potato_corn_apple,구매,1,0
3478,mom_to_mom_sweet_potato_corn_apple,반환,0,1
3484,mom_to_mom_sweet_potato_corn_apple,구매,1,0
726,a1_steak_sauce,구매,1,0
730,a1_steak_sauce,반환,0,1
736,a1_steak_sauce,구매,1,0
1220,jif_creamy_peanut_butter,반환,0,1
1226,jif_creamy_peanut_butter,구매,1,0
1228,jif_creamy_peanut_butter,반환,0,1
1232,jif_creamy_peanut_butter,구매,1,0
1238,jif_creamy_peanut_butter,반환,0,1
3576,jif_creamy_peanut_butter,구매,1,0
3604,jif_creamy_peanut_butter,반환,0,1
3608,jif_creamy_peanut_butter,구매,1,0
6334,cinnamon_toast_crunch,반환,0,1
6886,cinnamon_toast_crunch,구매,1,0
6888,cinnamon_toast_crunch,반환,0,1
6892,cinnamon_toast_crunch,구매,1,0
6894,cinnamon_toast_crunch,반환,0,1
6910,cinnamon_toast_crunch,구매,1,0
2658,arm_hammer_baking_soda,반환,0,1
2796,arm_hammer_baking_soda,구매,1,0
622,dr_pepper,반환,0,1
662,dr_pepper,구매,1,0
3898,haribo_gold_bears_gummi_candy,반환,0,1
3900,haribo_gold_bears_gummi_candy,구매,1,0
3902,haribo_gold_bears_gummi_candy,반환,0,1
3904,haribo_gold_bears_gummi_candy,구매,1,0
3924,haribo_gold_bears_gummi_candy,반환,0,1
3980,haribo_gold_bears_gummi_candy,구매,1,0
3996,haribo_gold_bears_gummi_candy,반환,0,1
3998,haribo_gold_bears_gummi_candy,구매,1,0
4006,haribo_gold_bears_gummi_candy,반환,0,1
4008,haribo_gold_bears_gummi_candy,구매,1,0
4020,haribo_gold_bears_gummi_candy,반환,0,1
4026,haribo_gold_bears_gummi_candy,구매,1,0
4028,haribo_gold_bears_gummi_candy,반환,0,1
4030,haribo_gold_bears_gummi_candy,구매,1,0
4034,haribo_gold_bears_gummi_candy,반환,0,1
4048,haribo_gold_bears_gummi_candy,구매,1,0
4068,haribo_gold_bears_gummi_candy,반환,0,1
4076,haribo_gold_bears_gummi_candy,구매,1,0
4078,haribo_gold_bears_gummi_candy,반환,0,1
4080,haribo_gold_bears_gummi_candy,구매,1,0
4102,haribo_gold_bears_gummi_candy,반환,0,1
4104,haribo_gold_bears_gummi_candy,구매,1,0
4142,haribo_gold_bears_gummi_candy,반환,0,1
4144,haribo_gold_bears_gummi_candy,구매,1,0
4150,haribo_gold_bears_gummi_candy,반환,0,1
4154,haribo_gold_bears_gummi_candy,구매,1,0
4804,haribo_gold_bears_gummi_candy,반환,0,1
4812,haribo_gold_bears_gummi_candy,구매,1,0
4848,haribo_gold_bears_gummi_candy,반환,0,1
4850,haribo_gold_bears_gummi_candy,구매,1,0
4860,haribo_gold_bears_gummi_candy,반환,0,1
4862,haribo_gold_bears_gummi_candy,구매,1,0
4866,haribo_gold_bears_gummi_candy,반환,0,1
4872,haribo_gold_bears_gummi_candy,구매,1,0
24,bulls_eye_bbq_sauce_original,반환,0,1
26,bulls_eye_bbq_sauce_original,구매,1,0
28,bulls_eye_bbq_sauce_original,반환,0,1
32,bulls_eye_bbq_sauce_original,구매,1,0
34,bulls_eye_bbq_sauce_original,반환,0,1
36,bulls_eye_bbq_sauce_original,구매,1,0
38,bulls_eye_bbq_sauce_original,반환,0,1
60,bulls_eye_bbq_sauce_original,구매,1,0
72,bulls_eye_bbq_sauce_original,반환,0,1
84,bulls_eye_bbq_sauce_original,구매,1,0
4696,reeses_pieces,반환,0,1
4816,reeses_pieces,구매,1,0
5572,clif_crunch_peanut_butter,반환,0,1
5574,clif_crunch_peanut_butter,구매,1,0
5588,clif_crunch_peanut_butter,반환,0,1
6022,clif_crunch_peanut_butter,구매,1,0
6024,clif_crunch_peanut_butter,반환,0,1
6026,clif_crunch_peanut_butter,구매,1,0
6032,clif_crunch_peanut_butter,반환,0,1
6036,clif_crunch_peanut_butter,구매,1,0
1656,mom_to_mom_butternut_squash_pear,반환,0,1
1660,mom_to_mom_butternut_squash_pear,구매,1,0
1664,mom_to_mom_butternut_squash_pear,반환,0,1
1668,mom_to_mom_butternut_squash_pear,구매,1,0
1670,mom_to_mom_butternut_squash_pear,반환,0,1
1672,mom_to_mom_butternut_squash_pear,구매,1,0
1678,mom_to_mom_butternut_squash_pear,반환,0,1
1766,mom_to_mom_butternut_squash_pear,구매,1,0
1768,mom_to_mom_butternut_squash_pear,반환,0,1
2016,mom_to_mom_butternut_squash_pear,구매,1,0
2018,mom_to_mom_butternut_squash_pear,반환,0,1
2304,mom_to_mom_butternut_squash_pear,구매,1,0
2312,mom_to_mom_butternut_squash_pear,반환,0,1
2318,mom_to_mom_butternut_squash_pear,구매,1,0
2322,mom_to_mom_butternut_squash_pear,반환,0,1
3268,mom_to_mom_butternut_squash_pear,구매,1,0
3286,mom_to_mom_butternut_squash_pear,반환,0,1
3310,mom_to_mom_butternut_squash_pear,구매,1,0
3316,mom_to_mom_butternut_squash_pear,반환,0,1
3318,mom_to_mom_butternut_squash_pear,구매,1,0
3478,mom_to_mom_butternut_squash_pear,반환,0,1
3480,mom_to_mom_butternut_squash_pear,구매,1,0
1296,pop_tararts_strawberry,반환,0,1
1318,pop_tararts_strawberry,구매,1,0
1322,pop_tararts_strawberry,반환,0,1
1402,pop_tararts_strawberry,구매,1,0
1414,pop_tararts_strawberry,반환,0,1
1416,pop_tararts_strawberry,구매,1,0
1448,pop_tararts_strawberry,반환,0,1
1452,pop_tararts_strawberry,구매,1,0
1454,pop_tararts_strawberry,반환,0,1
1456,pop_tararts_strawberry,구매,1,0
1462,pop_tararts_strawberry,반환,0,1
1464,pop_tararts_strawberry,구매,1,0
1468,pop_tararts_strawberry,반환,0,1
1476,pop_tararts_strawberry,구매,1,0
1478,pop_tararts_strawberry,반환,0,1
1480,pop_tararts_strawberry,구매,1,0
1484,pop_tararts_strawberry,반환,0,1
1488,pop_tararts_strawberry,구매,1,0
1502,pop_tararts_strawberry,반환,0,1
1512,pop_tararts_strawberry,구매,1,0
1522,pop_tararts_strawberry,반환,0,1
1524,pop_tararts_strawberry,구매,1,0
1534,pop_tararts_strawberry,반환,0,1
1536,pop_tararts_strawberry,구매,1,0
1566,pop_tararts_strawberry,반환,0,1
1572,pop_tararts_strawberry,구매,1,0
1586,pop_tararts_strawberry,반환,0,1
1588,pop_tararts_strawberry,구매,1,0
1592,pop_tararts_strawberry,반환,0,1
1600,pop_tararts_strawberry,구매,1,0
1602,pop_tararts_strawberry,반환,0,1
1608,pop_tararts_strawberry,구매,1,0
1610,pop_tararts_strawberry,반환,0,1
1626,pop_tararts_strawberry,구매,1,0
1628,pop_tararts_strawberry,반환,0,1
1632,pop_tararts_strawberry,구매,1,0
1642,pop_tararts_strawberry,반환,0,1
1644,pop_tararts_strawberry,구매,1,0
1658,pop_tararts_strawberry,반환,0,1
1668,pop_tararts_strawberry,구매,1,0
1708,pop_tararts_strawberry,반환,0,1
1710,pop_tararts_strawberry,구매,1,0
1746,pop_tararts_strawberry,반환,0,1
1750,pop_tararts_strawberry,구매,1,0
1764,pop_tararts_strawberry,반환,0,1
1768,pop_tararts_strawberry,구매,1,0
1800,pop_tararts_strawberry,반환,0,1
1810,pop_tararts_strawberry,구매,1,0
1836,pop_tararts_strawberry,반환,0,1
1838,pop_tararts_strawberry,구매,1,0
1876,pop_tararts_strawberry,반환,0,1
1884,pop_tararts_strawberry,구매,1,0
1890,pop_tararts_strawberry,반환,0,1
1892,pop_tararts_strawberry,구매,1,0
1896,pop_tararts_strawberry,반환,0,1
1898,pop_tararts_strawberry,구매,1,0
1900,pop_tararts_strawberry,반환,0,1
1902,pop_tararts_strawberry,구매,1,0
1920,pop_tararts_strawberry,반환,0,1
1922,pop_tararts_strawberry,구매,1,0
2070,pop_tararts_strawberry,반환,0,1
2076,pop_tararts_strawberry,구매,1,0
2106,pop_tararts_strawberry,반환,0,1
2108,pop_tararts_strawberry,구매,1,0
2110,pop_tararts_strawberry,반환,0,1
2112,pop_tararts_strawberry,구매,1,0
2218,pop_tararts_strawberry,반환,0,1
2220,pop_tararts_strawberry,구매,1,0
2258,pop_tararts_strawberry,반환,0,1
2262,pop_tararts_strawberry,구매,1,0
2296,pop_tararts_strawberry,반환,0,1
2298,pop_tararts_strawberry,구매,1,0
2436,pop_tararts_strawberry,반환,0,1
2442,pop_tararts_strawberry,구매,1,0
2540,pop_tararts_strawberry,반환,0,1
2542,pop_tararts_strawberry,구매,1,0
2554,pop_tararts_strawberry,반환,0,1
2556,pop_tararts_strawberry,구매,1,0
2654,pop_tararts_strawberry,반환,0,1
2656,pop_tararts_strawberry,구매,1,0
2846,pop_tararts_strawberry,반환,0,1
2848,pop_tararts_strawberry,구매,1,0
2874,pop_tararts_strawberry,반환,0,1
2876,pop_tararts_strawberry,구매,1,0
2960,pop_tararts_strawberry,반환,0,1
2962,pop_tararts_strawberry,구매,1,0
3132,pop_tararts_strawberry,반환,0,1
3134,pop_tararts_strawberry,구매,1,0
3160,pop_tararts_strawberry,반환,0,1
3162,pop_tararts_strawberry,구매,1,0
3168,pop_tararts_strawberry,반환,0,1
3170,pop_tararts_strawberry,구매,1,0
3172,pop_tararts_strawberry,반환,0,1
3176,pop_tararts_strawberry,구매,1,0
3278,pop_tararts_strawberry,반환,0,1
3280,pop_tararts_strawberry,구매,1,0
3316,pop_tararts_strawberry,반환,0,1
3320,pop_tararts_strawberry,구매,1,0
3324,pop_tararts_strawberry,반환,0,1
3338,pop_tararts_strawberry,구매,1,0
3348,pop_tararts_strawberry,반환,0,1
3360,pop_tararts_strawberry,구매,1,0
3370,pop_tararts_strawberry,반환,0,1
3390,pop_tararts_strawberry,구매,1,0
3392,pop_tararts_strawberry,반환,0,1
3418,pop_tararts_strawberry,구매,1,0
3422,pop_tararts_strawberry,반환,0,1
3424,pop_tararts_strawberry,구매,1,0
3434,pop_tararts_strawberry,반환,0,1
3444,pop_tararts_strawberry,구매,1,0
3448,pop_tararts_strawberry,반환,0,1
3456,pop_tararts_strawberry,구매,1,0
3460,pop_tararts_strawberry,반환,0,1
3462,pop_tararts_strawberry,구매,1,0
3520,pop_tararts_strawberry,반환,0,1
3524,pop_tararts_strawberry,구매,1,0
3542,pop_tararts_strawberry,반환,0,1
3546,pop_tararts_strawberry,구매,1,0
3548,pop_tararts_strawberry,반환,0,1
3552,pop_tararts_strawberry,구매,1,0
3598,pop_tararts_strawberry,반환,0,1
3602,pop_tararts_strawberry,구매,1,0
3606,pop_tararts_strawberry,반환,0,1
3612,pop_tararts_strawberry,구매,1,0
3618,pop_tararts_strawberry,반환,0,1
3634,pop_tararts_strawberry,구매,1,0
3650,pop_tararts_strawberry,반환,0,1
3660,pop_tararts_strawberry,구매,1,0
3668,pop_tararts_strawberry,반환,0,1
3670,pop_tararts_strawberry,구매,1,0
3676,pop_tararts_strawberry,반환,0,1
3708,pop_tararts_strawberry,구매,1,0
3710,pop_tararts_strawberry,반환,0,1
3716,pop_tararts_strawberry,구매,1,0
3718,pop_tararts_strawberry,반환,0,1
3726,pop_tararts_strawberry,구매,1,0
3728,pop_tararts_strawberry,반환,0,1
3778,pop_tararts_strawberry,구매,1,0
3786,pop_tararts_strawberry,반환,0,1
3788,pop_tararts_strawberry,구매,1,0
3792,pop_tararts_strawberry,반환,0,1
3794,pop_tararts_strawberry,구매,1,0
4302,quaker_big_chewy_chocolate_chip,반환,0,1
4304,quaker_big_chewy_chocolate_chip,구매,1,0
4306,quaker_big_chewy_chocolate_chip,반환,0,1
4312,quaker_big_chewy_chocolate_chip,구매,1,0
4318,quaker_big_chewy_chocolate_chip,반환,0,1
4374,quaker_big_chewy_chocolate_chip,구매,1,0
4376,quaker_big_chewy_chocolate_chip,반환,0,1
4398,quaker_big_chewy_chocolate_chip,구매,1,0
4400,quaker_big_chewy_chocolate_chip,반환,0,1
4830,quaker_big_chewy_chocolate_chip,구매,1,0
4832,quaker_big_chewy_chocolate_chip,반환,0,1
5096,quaker_big_chewy_chocolate_chip,구매,1,0
5098,quaker_big_chewy_chocolate_chip,반환,0,1
5110,quaker_big_chewy_chocolate_chip,구매,1,0
6,spam,반환,0,1
8,spam,구매,1,0
12,spam,반환,0,1
24,spam,구매,1,0
36,spam,반환,0,1
42,spam,구매,1,0
48,spam,반환,0,1
56,spam,구매,1,0
58,spam,반환,0,1
60,spam,구매,1,0
68,spam,반환,0,1
70,spam,구매,1,0
1174,coffee_mate_french_vanilla,반환,0,1
3576,coffee_mate_french_vanilla,구매,1,0
3578,coffee_mate_french_vanilla,반환,0,1
3580,coffee_mate_french_vanilla,구매,1,0
3582,coffee_mate_french_vanilla,반환,0,1
3646,coffee_mate_french_vanilla,구매,1,0
3648,coffee_mate_french_vanilla,반환,0,1
3650,coffee_mate_french_vanilla,구매,1,0
3658,coffee_mate_french_vanilla,반환,0,1
3668,coffee_mate_french_vanilla,구매,1,0
1388,pepperidge_farm_milk_chocolate_macadamia_cookies,반환,0,1
1390,pepperidge_farm_milk_chocolate_macadamia_cookies,구매,1,0
1404,pepperidge_farm_milk_chocolate_macadamia_cookies,반환,0,1
1408,pepperidge_farm_milk_chocolate_macadamia_cookies,구매,1,0
1414,pepperidge_farm_milk_chocolate_macadamia_cookies,반환,0,1
1422,pepperidge_farm_milk_chocolate_macadamia_cookies,구매,1,0
1426,pepperidge_farm_milk_chocolate_macadamia_cookies,반환,0,1
1428,pepperidge_farm_milk_chocolate_macadamia_cookies,구매,1,0
1430,pepperidge_farm_milk_chocolate_macadamia_cookies,반환,0,1
1464,pepperidge_farm_milk_chocolate_macadamia_cookies,구매,1,0
1466,pepperidge_farm_milk_chocolate_macadamia_cookies,반환,0,1
1470,pepperidge_farm_milk_chocolate_macadamia_cookies,구매,1,0
1472,pepperidge_farm_milk_chocolate_macadamia_cookies,반환,0,1
1476,pepperidge_farm_milk_chocolate_macadamia_cookies,구매,1,0
1480,pepperidge_farm_milk_chocolate_macadamia_cookies,반환,0,1
1486,pepperidge_farm_milk_chocolate_macadamia_cookies,구매,1,0
1500,pepperidge_farm_milk_chocolate_macadamia_cookies,반환,0,1
1512,pepperidge_farm_milk_chocolate_macadamia_cookies,구매,1,0
1514,pepperidge_farm_milk_chocolate_macadamia_cookies,반환,0,1
1536,pepperidge_farm_milk_chocolate_macadamia_cookies,구매,1,0
1540,pepperidge_farm_milk_chocolate_macadamia_cookies,반환,0,1
1548,pepperidge_farm_milk_chocolate_macadamia_cookies,구매,1,0
1550,pepperidge_farm_milk_chocolate_macadamia_cookies,반환,0,1
1564,pepperidge_farm_milk_chocolate_macadamia_cookies,구매,1,0
1568,pepperidge_farm_milk_chocolate_macadamia_cookies,반환,0,1
1574,pepperidge_farm_milk_chocolate_macadamia_cookies,구매,1,0
1576,pepperidge_farm_milk_chocolate_macadamia_cookies,반환,0,1
1606,pepperidge_farm_milk_chocolate_macadamia_cookies,구매,1,0
1608,pepperidge_farm_milk_chocolate_macadamia_cookies,반환,0,1
1614,pepperidge_farm_milk_chocolate_macadamia_cookies,구매,1,0
1616,pepperidge_farm_milk_chocolate_macadamia_cookies,반환,0,1
1622,pepperidge_farm_milk_chocolate_macadamia_cookies,구매,1,0
1632,pepperidge_farm_milk_chocolate_macadamia_cookies,반환,0,1
1636,pepperidge_farm_milk_chocolate_macadamia_cookies,구매,1,0
1656,pepperidge_farm_milk_chocolate_macadamia_cookies,반환,0,1
1658,pepperidge_farm_milk_chocolate_macadamia_cookies,구매,1,0
1660,pepperidge_farm_milk_chocolate_macadamia_cookies,반환,0,1
1682,pepperidge_farm_milk_chocolate_macadamia_cookies,구매,1,0
1684,pepperidge_farm_milk_chocolate_macadamia_cookies,반환,0,1
1690,pepperidge_farm_milk_chocolate_macadamia_cookies,구매,1,0
1692,pepperidge_farm_milk_chocolate_macadamia_cookies,반환,0,1
1694,pepperidge_farm_milk_chocolate_macadamia_cookies,구매,1,0
1700,pepperidge_farm_milk_chocolate_macadamia_cookies,반환,0,1
1704,pepperidge_farm_milk_chocolate_macadamia_cookies,구매,1,0
1708,pepperidge_farm_milk_chocolate_macadamia_cookies,반환,0,1
1730,pepperidge_farm_milk_chocolate_macadamia_cookies,구매,1,0
1738,pepperidge_farm_milk_chocolate_macadamia_cookies,반환,0,1
1744,pepperidge_farm_milk_chocolate_macadamia_cookies,구매,1,0
1750,pepperidge_farm_milk_chocolate_macadamia_cookies,반환,0,1
1752,pepperidge_farm_milk_chocolate_macadamia_cookies,구매,1,0
1764,pepperidge_farm_milk_chocolate_macadamia_cookies,반환,0,1
1772,pepperidge_farm_milk_chocolate_macadamia_cookies,구매,1,0
1774,pepperidge_farm_milk_chocolate_macadamia_cookies,반환,0,1
1780,pepperidge_farm_milk_chocolate_macadamia_cookies,구매,1,0
1782,pepperidge_farm_milk_chocolate_macadamia_cookies,반환,0,1
1812,pepperidge_farm_milk_chocolate_macadamia_cookies,구매,1,0
1816,pepperidge_farm_milk_chocolate_macadamia_cookies,반환,0,1
1828,pepperidge_farm_milk_chocolate_macadamia_cookies,구매,1,0
1830,pepperidge_farm_milk_chocolate_macadamia_cookies,반환,0,1
1832,pepperidge_farm_milk_chocolate_macadamia_cookies,구매,1,0
1836,pepperidge_farm_milk_chocolate_macadamia_cookies,반환,0,1
1838,pepperidge_farm_milk_chocolate_macadamia_cookies,구매,1,0
1846,pepperidge_farm_milk_chocolate_macadamia_cookies,반환,0,1
1850,pepperidge_farm_milk_chocolate_macadamia_cookies,구매,1,0
1868,pepperidge_farm_milk_chocolate_macadamia_cookies,반환,0,1
1872,pepperidge_farm_milk_chocolate_macadamia_cookies,구매,1,0
1878,pepperidge_farm_milk_chocolate_macadamia_cookies,반환,0,1
1880,pepperidge_farm_milk_chocolate_macadamia_cookies,구매,1,0
1882,pepperidge_farm_milk_chocolate_macadamia_cookies,반환,0,1
1884,pepperidge_farm_milk_chocolate_macadamia_cookies,구매,1,0
1896,pepperidge_farm_milk_chocolate_macadamia_cookies,반환,0,1
1898,pepperidge_farm_milk_chocolate_macadamia_cookies,구매,1,0
1904,pepperidge_farm_milk_chocolate_macadamia_cookies,반환,0,1
1906,pepperidge_farm_milk_chocolate_macadamia_cookies,구매,1,0
1908,pepperidge_farm_milk_chocolate_macadamia_cookies,반환,0,1
1912,pepperidge_farm_milk_chocolate_macadamia_cookies,구매,1,0
1914,pepperidge_farm_milk_chocolate_macadamia_cookies,반환,0,1
1920,pepperidge_farm_milk_chocolate_macadamia_cookies,구매,1,0
1924,pepperidge_farm_milk_chocolate_macadamia_cookies,반환,0,1
1928,pepperidge_farm_milk_chocolate_macadamia_cookies,구매,1,0
1930,pepperidge_farm_milk_chocolate_macadamia_cookies,반환,0,1
1932,pepperidge_farm_milk_chocolate_macadamia_cookies,구매,1,0
1934,pepperidge_farm_milk_chocolate_macadamia_cookies,반환,0,1
1938,pepperidge_farm_milk_chocolate_macadamia_cookies,구매,1,0
1940,pepperidge_farm_milk_chocolate_macadamia_cookies,반환,0,1
1984,pepperidge_farm_milk_chocolate_macadamia_cookies,구매,1,0
1990,pepperidge_farm_milk_chocolate_macadamia_cookies,반환,0,1
1992,pepperidge_farm_milk_chocolate_macadamia_cookies,구매,1,0
1998,pepperidge_farm_milk_chocolate_macadamia_cookies,반환,0,1
2008,pepperidge_farm_milk_chocolate_macadamia_cookies,구매,1,0
2010,pepperidge_farm_milk_chocolate_macadamia_cookies,반환,0,1
2012,pepperidge_farm_milk_chocolate_macadamia_cookies,구매,1,0
2016,pepperidge_farm_milk_chocolate_macadamia_cookies,반환,0,1
2018,pepperidge_farm_milk_chocolate_macadamia_cookies,구매,1,0
2022,pepperidge_farm_milk_chocolate_macadamia_cookies,반환,0,1
2040,pepperidge_farm_milk_chocolate_macadamia_cookies,구매,1,0
2042,pepperidge_farm_milk_chocolate_macadamia_cookies,반환,0,1
2064,pepperidge_farm_milk_chocolate_macadamia_cookies,구매,1,0
2074,pepperidge_farm_milk_chocolate_macadamia_cookies,반환,0,1
2092,pepperidge_farm_milk_chocolate_macadamia_cookies,구매,1,0
2094,pepperidge_farm_milk_chocolate_macadamia_cookies,반환,0,1
2102,pepperidge_farm_milk_chocolate_macadamia_cookies,구매,1,0
2108,pepperidge_farm_milk_chocolate_macadamia_cookies,반환,0,1
2126,pepperidge_farm_milk_chocolate_macadamia_cookies,구매,1,0
2134,pepperidge_farm_milk_chocolate_macadamia_cookies,반환,0,1
2140,pepperidge_farm_milk_chocolate_macadamia_cookies,구매,1,0
2146,pepperidge_farm_milk_chocolate_macadamia_cookies,반환,0,1
2148,pepperidge_farm_milk_chocolate_macadamia_cookies,구매,1,0
2152,pepperidge_farm_milk_chocolate_macadamia_cookies,반환,0,1
2204,pepperidge_farm_milk_chocolate_macadamia_cookies,구매,1,0
2208,pepperidge_farm_milk_chocolate_macadamia_cookies,반환,0,1
2222,pepperidge_farm_milk_chocolate_macadamia_cookies,구매,1,0
2228,pepperidge_farm_milk_chocolate_macadamia_cookies,반환,0,1
2242,pepperidge_farm_milk_chocolate_macadamia_cookies,구매,1,0
2244,pepperidge_farm_milk_chocolate_macadamia_cookies,반환,0,1
2248,pepperidge_farm_milk_chocolate_macadamia_cookies,구매,1,0
2252,pepperidge_farm_milk_chocolate_macadamia_cookies,반환,0,1
2304,pepperidge_farm_milk_chocolate_macadamia_cookies,구매,1,0
2306,pepperidge_farm_milk_chocolate_macadamia_cookies,반환,0,1
2308,pepperidge_farm_milk_chocolate_macadamia_cookies,구매,1,0
2314,pepperidge_farm_milk_chocolate_macadamia_cookies,반환,0,1
2320,pepperidge_farm_milk_chocolate_macadamia_cookies,구매,1,0
2322,pepperidge_farm_milk_chocolate_macadamia_cookies,반환,0,1
2334,pepperidge_farm_milk_chocolate_macadamia_cookies,구매,1,0
2336,pepperidge_farm_milk_chocolate_macadamia_cookies,반환,0,1
2338,pepperidge_farm_milk_chocolate_macadamia_cookies,구매,1,0
2340,pepperidge_farm_milk_chocolate_macadamia_cookies,반환,0,1
2346,pepperidge_farm_milk_chocolate_macadamia_cookies,구매,1,0
2350,pepperidge_farm_milk_chocolate_macadamia_cookies,반환,0,1
2352,pepperidge_farm_milk_chocolate_macadamia_cookies,구매,1,0
2358,pepperidge_farm_milk_chocolate_macadamia_cookies,반환,0,1
2368,pepperidge_farm_milk_chocolate_macadamia_cookies,구매,1,0
2370,pepperidge_farm_milk_chocolate_macadamia_cookies,반환,0,1
2388,pepperidge_farm_milk_chocolate_macadamia_cookies,구매,1,0
2390,pepperidge_farm_milk_chocolate_macadamia_cookies,반환,0,1
2402,pepperidge_farm_milk_chocolate_macadamia_cookies,구매,1,0
2408,pepperidge_farm_milk_chocolate_macadamia_cookies,반환,0,1
2414,pepperidge_farm_milk_chocolate_macadamia_cookies,구매,1,0
2416,pepperidge_farm_milk_chocolate_macadamia_cookies,반환,0,1
2450,pepperidge_farm_milk_chocolate_macadamia_cookies,구매,1,0
2464,pepperidge_farm_milk_chocolate_macadamia_cookies,반환,0,1
2468,pepperidge_farm_milk_chocolate_macadamia_cookies,구매,1,0
2470,pepperidge_farm_milk_chocolate_macadamia_cookies,반환,0,1
2476,pepperidge_farm_milk_chocolate_macadamia_cookies,구매,1,0
2478,pepperidge_farm_milk_chocolate_macadamia_cookies,반환,0,1
2482,pepperidge_farm_milk_chocolate_macadamia_cookies,구매,1,0
2496,pepperidge_farm_milk_chocolate_macadamia_cookies,반환,0,1
2500,pepperidge_farm_milk_chocolate_macadamia_cookies,구매,1,0
2508,pepperidge_farm_milk_chocolate_macadamia_cookies,반환,0,1
2510,pepperidge_farm_milk_chocolate_macadamia_cookies,구매,1,0
2512,pepperidge_farm_milk_chocolate_macadamia_cookies,반환,0,1
2530,pepperidge_farm_milk_chocolate_macadamia_cookies,구매,1,0
2532,pepperidge_farm_milk_chocolate_macadamia_cookies,반환,0,1
2544,pepperidge_farm_milk_chocolate_macadamia_cookies,구매,1,0
2546,pepperidge_farm_milk_chocolate_macadamia_cookies,반환,0,1
2566,pepperidge_farm_milk_chocolate_macadamia_cookies,구매,1,0
2568,pepperidge_farm_milk_chocolate_macadamia_cookies,반환,0,1
2580,pepperidge_farm_milk_chocolate_macadamia_cookies,구매,1,0
2582,pepperidge_farm_milk_chocolate_macadamia_cookies,반환,0,1
2592,pepperidge_farm_milk_chocolate_macadamia_cookies,구매,1,0
2600,pepperidge_farm_milk_chocolate_macadamia_cookies,반환,0,1
2652,pepperidge_farm_milk_chocolate_macadamia_cookies,구매,1,0
2658,pepperidge_farm_milk_chocolate_macadamia_cookies,반환,0,1
2660,pepperidge_farm_milk_chocolate_macadamia_cookies,구매,1,0
2664,pepperidge_farm_milk_chocolate_macadamia_cookies,반환,0,1
2680,pepperidge_farm_milk_chocolate_macadamia_cookies,구매,1,0
2686,pepperidge_farm_milk_chocolate_macadamia_cookies,반환,0,1
2688,pepperidge_farm_milk_chocolate_macadamia_cookies,구매,1,0
2690,pepperidge_farm_milk_chocolate_macadamia_cookies,반환,0,1
2692,pepperidge_farm_milk_chocolate_macadamia_cookies,구매,1,0
2694,pepperidge_farm_milk_chocolate_macadamia_cookies,반환,0,1
2726,pepperidge_farm_milk_chocolate_macadamia_cookies,구매,1,0
2730,pepperidge_farm_milk_chocolate_macadamia_cookies,반환,0,1
2732,pepperidge_farm_milk_chocolate_macadamia_cookies,구매,1,0
2734,pepperidge_farm_milk_chocolate_macadamia_cookies,반환,0,1
2768,pepperidge_farm_milk_chocolate_macadamia_cookies,구매,1,0
2772,pepperidge_farm_milk_chocolate_macadamia_cookies,반환,0,1
2784,pepperidge_farm_milk_chocolate_macadamia_cookies,구매,1,0
2786,pepperidge_farm_milk_chocolate_macadamia_cookies,반환,0,1
2790,pepperidge_farm_milk_chocolate_macadamia_cookies,구매,1,0
2794,pepperidge_farm_milk_chocolate_macadamia_cookies,반환,0,1
2814,pepperidge_farm_milk_chocolate_macadamia_cookies,구매,1,0
2816,pepperidge_farm_milk_chocolate_macadamia_cookies,반환,0,1
2844,pepperidge_farm_milk_chocolate_macadamia_cookies,반환,1,2
2848,pepperidge_farm_milk_chocolate_macadamia_cookies,구매,2,1
2850,pepperidge_farm_milk_chocolate_macadamia_cookies,반환,1,2
2852,pepperidge_farm_milk_chocolate_macadamia_cookies,구매,2,1
2856,pepperidge_farm_milk_chocolate_macadamia_cookies,구매,1,0
2858,pepperidge_farm_milk_chocolate_macadamia_cookies,반환,0,1
2882,pepperidge_farm_milk_chocolate_macadamia_cookies,구매,1,0
2884,pepperidge_farm_milk_chocolate_macadamia_cookies,반환,0,1
2892,pepperidge_farm_milk_chocolate_macadamia_cookies,반환,1,2
2898,pepperidge_farm_milk_chocolate_macadamia_cookies,구매,2,1
3020,pepperidge_farm_milk_chocolate_macadamia_cookies,구매,1,0
3022,pepperidge_farm_milk_chocolate_macadamia_cookies,반환,0,1
3036,pepperidge_farm_milk_chocolate_macadamia_cookies,구매,1,0
3038,pepperidge_farm_milk_chocolate_macadamia_cookies,반환,0,1
3096,pepperidge_farm_milk_chocolate_macadamia_cookies,구매,1,0
3098,pepperidge_farm_milk_chocolate_macadamia_cookies,반환,0,1
3116,pepperidge_farm_milk_chocolate_macadamia_cookies,구매,1,0
3118,pepperidge_farm_milk_chocolate_macadamia_cookies,반환,0,1
3124,pepperidge_farm_milk_chocolate_macadamia_cookies,구매,1,0
3126,pepperidge_farm_milk_chocolate_macadamia_cookies,반환,0,1
3272,pepperidge_farm_milk_chocolate_macadamia_cookies,구매,1,0
3276,pepperidge_farm_milk_chocolate_macadamia_cookies,반환,0,1
3312,pepperidge_farm_milk_chocolate_macadamia_cookies,구매,1,0
3314,pepperidge_farm_milk_chocolate_macadamia_cookies,반환,0,1
3362,pepperidge_farm_milk_chocolate_macadamia_cookies,구매,1,0
3364,pepperidge_farm_milk_chocolate_macadamia_cookies,반환,0,1
3368,pepperidge_farm_milk_chocolate_macadamia_cookies,구매,1,0
3370,pepperidge_farm_milk_chocolate_macadamia_cookies,반환,0,1
3372,pepperidge_farm_milk_chocolate_macadamia_cookies,구매,1,0
3376,pepperidge_farm_milk_chocolate_macadamia_cookies,반환,0,1
3378,pepperidge_farm_milk_chocolate_macadamia_cookies,구매,1,0
3380,pepperidge_farm_milk_chocolate_macadamia_cookies,반환,0,1
3434,pepperidge_farm_milk_chocolate_macadamia_cookies,구매,1,0
3438,pepperidge_farm_milk_chocolate_macadamia_cookies,반환,0,1
3442,pepperidge_farm_milk_chocolate_macadamia_cookies,구매,1,0
3444,pepperidge_farm_milk_chocolate_macadamia_cookies,반환,0,1
3456,pepperidge_farm_milk_chocolate_macadamia_cookies,구매,1,0
3458,pepperidge_farm_milk_chocolate_macadamia_cookies,반환,0,1
3468,pepperidge_farm_milk_chocolate_macadamia_cookies,구매,1,0
3470,pepperidge_farm_milk_chocolate_macadamia_cookies,반환,0,1
3502,pepperidge_farm_milk_chocolate_macadamia_cookies,구매,1,0
3510,pepperidge_farm_milk_chocolate_macadamia_cookies,반환,0,1
3526,pepperidge_farm_milk_chocolate_macadamia_cookies,구매,1,0
3530,pepperidge_farm_milk_chocolate_macadamia_cookies,반환,0,1
3532,pepperidge_farm_milk_chocolate_macadamia_cookies,구매,1,0
3534,pepperidge_farm_milk_chocolate_macadamia_cookies,반환,0,1
3540,pepperidge_farm_milk_chocolate_macadamia_cookies,구매,1,0
3542,pepperidge_farm_milk_chocolate_macadamia_cookies,반환,0,1
3588,pepperidge_farm_milk_chocolate_macadamia_cookies,구매,1,0
3590,pepperidge_farm_milk_chocolate_macadamia_cookies,반환,0,1
3600,pepperidge_farm_milk_chocolate_macadamia_cookies,구매,1,0
3602,pepperidge_farm_milk_chocolate_macadamia_cookies,반환,0,1
3644,pepperidge_farm_milk_chocolate_macadamia_cookies,구매,1,0
3646,pepperidge_farm_milk_chocolate_macadamia_cookies,반환,0,1
3704,pepperidge_farm_milk_chocolate_macadamia_cookies,구매,1,0
2568,kitkat_king_size,반환,0,1
3274,kitkat_king_size,구매,1,0
2276,snickers,반환,0,1
2870,snickers,구매,1,0
2488,toblerone_milk_chocolate,반환,0,1
2960,toblerone_milk_chocolate,구매,1,0
2968,toblerone_milk_chocolate,반환,0,1
2970,toblerone_milk_chocolate,구매,1,0
2972,toblerone_milk_chocolate,반환,0,1
2974,toblerone_milk_chocolate,구매,1,0
2976,toblerone_milk_chocolate,반환,0,1
2982,toblerone_milk_chocolate,구매,1,0
4560,clif_z_bar_chocolate_chip,반환,0,1
4564,clif_z_bar_chocolate_chip,구매,1,0
4566,clif_z_bar_chocolate_chip,반환,0,1
5048,clif_z_bar_chocolate_chip,구매,1,0
5050,clif_z_bar_chocolate_chip,반환,0,1
5054,clif_z_bar_chocolate_chip,구매,1,0
5056,clif_z_bar_chocolate_chip,반환,0,1
5060,clif_z_bar_chocolate_chip,구매,1,0
5062,clif_z_bar_chocolate_chip,반환,0,1
5066,clif_z_bar_chocolate_chip,구매,1,0
4466,nature_valley_crunchy_oats_n_honey,반환,0,1
5020,nature_valley_crunchy_oats_n_honey,구매,1,0
6602,ritz_crackers,반환,0,1
6764,ritz_crackers,구매,1,0
6766,ritz_crackers,반환,0,1
6772,ritz_crackers,구매,1,0
32,palmolive_orange,구매,1,0
36,palmolive_orange,반환,0,1
38,palmolive_orange,구매,1,0
86,tapatio_hot_sauce,구매,1,0
90,tapatio_hot_sauce,반환,0,1
246,tapatio_hot_sauce,구매,1,0
250,tapatio_hot_sauce,반환,0,1
264,tapatio_hot_sauce,구매,1,0
278,tapatio_hot_sauce,반환,0,1
282,tapatio_hot_sauce,구매,1,0
284,tapatio_hot_sauce,반환,0,1
286,tapatio_hot_sauce,구매,1,0
306,tapatio_hot_sauce,반환,0,1
310,tapatio_hot_sauce,구매,1,0
312,tapatio_hot_sauce,반환,0,1
318,tapatio_hot_sauce,구매,1,0
320,tapatio_hot_sauce,반환,0,1
324,tapatio_hot_sauce,구매,1,0
326,tapatio_hot_sauce,반환,0,1
330,tapatio_hot_sauce,구매,1,0
336,tapatio_hot_sauce,반환,0,1
392,tapatio_hot_sauce,구매,1,0
394,tapatio_hot_sauce,반환,0,1
398,tapatio_hot_sauce,구매,1,0
400,tapatio_hot_sauce,반환,0,1
404,tapatio_hot_sauce,구매,1,0
414,tapatio_hot_sauce,반환,0,1
418,tapatio_hot_sauce,구매,1,0
420,tapatio_hot_sauce,반환,0,1
442,tapatio_hot_sauce,구매,1,0
444,tapatio_hot_sauce,반환,0,1
492,tapatio_hot_sauce,구매,1,0
494,tapatio_hot_sauce,반환,0,1
606,tapatio_hot_sauce,구매,1,0
6438,nabisco_nilla_wafers,반환,0,1
6906,nabisco_nilla_wafers,구매,1,0
6910,nabisco_nilla_wafers,반환,0,1
7010,nabisco_nilla_wafers,구매,1,0
7014,nabisco_nilla_wafers,반환,0,1
7024,nabisco_nilla_wafers,구매,1,0
1622,pepperidge_farm_milano_cookies_double_chocolate,반환,0,1
1624,pepperidge_farm_milano_cookies_double_chocolate,구매,1,0
1626,pepperidge_farm_milano_cookies_double_chocolate,반환,0,1
1628,pepperidge_farm_milano_cookies_double_chocolate,구매,1,0
1630,pepperidge_farm_milano_cookies_double_chocolate,반환,0,1
1632,pepperidge_farm_milano_cookies_double_chocolate,구매,1,0
2530,pepperidge_farm_milano_cookies_double_chocolate,반환,0,1
2532,pepperidge_farm_milano_cookies_double_chocolate,구매,1,0
3332,pepperidge_farm_milano_cookies_double_chocolate,반환,0,1
3336,pepperidge_farm_milano_cookies_double_chocolate,구매,1,0
3340,pepperidge_farm_milano_cookies_double_chocolate,반환,0,1
3358,pepperidge_farm_milano_cookies_double_chocolate,구매,1,0
3366,pepperidge_farm_milano_cookies_double_chocolate,반환,0,1
3370,pepperidge_farm_milano_cookies_double_chocolate,구매,1,0
3378,pepperidge_farm_milano_cookies_double_chocolate,반환,0,1
3380,pepperidge_farm_milano_cookies_double_chocolate,구매,1,0
3390,pepperidge_farm_milano_cookies_double_chocolate,반환,0,1
3396,pepperidge_farm_milano_cookies_double_chocolate,구매,1,0
8,frappuccino_coffee,반환,0,1
10,frappuccino_coffee,구매,1,0
12,frappuccino_coffee,반환,0,1
16,frappuccino_coffee,구매,1,0
40,frappuccino_coffee,반환,0,1
42,frappuccino_coffee,구매,1,0
48,frappuccino_coffee,반환,0,1
50,frappuccino_coffee,구매,1,0
52,frappuccino_coffee,반환,0,1
54,frappuccino_coffee,구매,1,0
58,frappuccino_coffee,반환,0,1
60,frappuccino_coffee,구매,1,0
72,frappuccino_coffee,반환,0,1
74,frappuccino_coffee,구매,1,0
92,frappuccino_coffee,반환,0,1
94,frappuccino_coffee,구매,1,0
176,frappuccino_coffee,반환,0,1
180,frappuccino_coffee,구매,1,0
182,frappuccino_coffee,반환,0,1
188,frappuccino_coffee,구매,1,0
192,frappuccino_coffee,반환,0,1
196,frappuccino_coffee,구매,1,0
220,frappuccino_coffee,반환,0,1
222,frappuccino_coffee,구매,1,0
240,frappuccino_coffee,반환,0,1
246,frappuccino_coffee,구매,1,0
340,frappuccino_coffee,반환,0,1
352,frappuccino_coffee,구매,1,0
360,frappuccino_coffee,반환,0,1
362,frappuccino_coffee,구매,1,0
376,frappuccino_coffee,반환,0,1
384,frappuccino_coffee,구매,1,0
392,frappuccino_coffee,반환,0,1
394,frappuccino_coffee,구매,1,0
396,frappuccino_coffee,반환,0,1
398,frappuccino_coffee,구매,1,0
400,frappuccino_coffee,반환,0,1
404,frappuccino_coffee,구매,1,0
418,frappuccino_coffee,반환,0,1
422,frappuccino_coffee,구매,1,0
444,frappuccino_coffee,반환,0,1
450,frappuccino_coffee,구매,1,0
456,frappuccino_coffee,반환,0,1
458,frappuccino_coffee,구매,1,0
4226,chewy_dips_chocolate_chip,반환,0,1
4976,chewy_dips_chocolate_chip,구매,1,0
4978,chewy_dips_chocolate_chip,반환,0,1
5164,chewy_dips_chocolate_chip,구매,1,0
6706,chewy_dips_chocolate_chip,반환,0,1
6792,chewy_dips_chocolate_chip,구매,1,0
4376,chewy_dips_peanut_butter,반환,0,1
4824,chewy_dips_peanut_butter,구매,1,0
4826,chewy_dips_peanut_butter,반환,0,1
4828,chewy_dips_peanut_butter,구매,1,0
4152,nature_vally_fruit_and_nut,반환,0,1
5226,nature_vally_fruit_and_nut,구매,1,0
6672,nature_vally_fruit_and_nut,반환,0,1
6850,nature_vally_fruit_and_nut,구매,1,0
6852,nature_vally_fruit_and_nut,반환,0,1
6862,nature_vally_fruit_and_nut,구매,1,0
5784,cheerios,반환,0,1
5884,cheerios,구매,1,0
3976,lindt_excellence_cocoa_dark_chocolate,반환,0,1
3986,lindt_excellence_cocoa_dark_chocolate,구매,1,0
3988,lindt_excellence_cocoa_dark_chocolate,반환,0,1
3990,lindt_excellence_cocoa_dark_chocolate,구매,1,0
3996,lindt_excellence_cocoa_dark_chocolate,반환,0,1
4028,lindt_excellence_cocoa_dark_chocolate,구매,1,0
4072,lindt_excellence_cocoa_dark_chocolate,반환,0,1
4150,lindt_excellence_cocoa_dark_chocolate,구매,1,0
4164,lindt_excellence_cocoa_dark_chocolate,반환,0,1
4166,lindt_excellence_cocoa_dark_chocolate,구매,1,0
4168,lindt_excellence_cocoa_dark_chocolate,반환,0,1
4172,lindt_excellence_cocoa_dark_chocolate,구매,1,0
4174,lindt_excellence_cocoa_dark_chocolate,반환,0,1
4176,lindt_excellence_cocoa_dark_chocolate,구매,1,0
4178,lindt_excellence_cocoa_dark_chocolate,반환,0,1
4716,lindt_excellence_cocoa_dark_chocolate,구매,1,0
4730,lindt_excellence_cocoa_dark_chocolate,반환,0,1
4732,lindt_excellence_cocoa_dark_chocolate,구매,1,0
4030,hersheys_symphony,반환,0,1
4046,hersheys_symphony,구매,1,0
4048,hersheys_symphony,반환,0,1
4056,hersheys_symphony,구매,1,0
4070,hersheys_symphony,반환,0,1
4156,hersheys_symphony,구매,1,0
4174,hersheys_symphony,반환,0,1
4902,hersheys_symphony,구매,1,0
4908,hersheys_symphony,반환,0,1
4932,hersheys_symphony,구매,1,0
4942,hersheys_symphony,반환,0,1
4944,hersheys_symphony,구매,1,0
172,campbells_chunky_classic_chicken_noodle,구매,1,0
174,campbells_chunky_classic_chicken_noodle,반환,0,1
178,campbells_chunky_classic_chicken_noodle,구매,1,0
2722,martinellis_apple_juice,반환,0,1
3020,martinellis_apple_juice,구매,1,0
2938,dove_pink,반환,0,1
2940,dove_pink,구매,1,0
2994,dove_white,반환,0,1
2996,dove_white,구매,1,0
2998,dove_white,반환,0,1
3000,dove_white,구매,1,0
5326,david_sunflower_seeds,반환,0,1
6160,david_sunflower_seeds,구매,1,0
6162,david_sunflower_seeds,반환,0,1
6166,david_sunflower_seeds,구매,1,0
354,monster_energy,구매,1,0
4638,act_ii_butter_lovers_popcorn,반환,0,1
4758,act_ii_butter_lovers_popcorn,구매,1,0
4760,act_ii_butter_lovers_popcorn,반환,0,1
4762,act_ii_butter_lovers_popcorn,구매,1,0
4764,act_ii_butter_lovers_popcorn,반환,0,1
4768,act_ii_butter_lovers_popcorn,구매,1,0
36,coca_cola_glass_bottle,반환,0,1
38,coca_cola_glass_bottle,구매,1,0
76,coca_cola_glass_bottle,반환,0,1
78,coca_cola_glass_bottle,구매,1,0
94,coca_cola_glass_bottle,반환,0,1
96,coca_cola_glass_bottle,구매,1,0
106,coca_cola_glass_bottle,반환,0,1
120,coca_cola_glass_bottle,구매,1,0
122,coca_cola_glass_bottle,반환,0,1
124,coca_cola_glass_bottle,구매,1,0
142,coca_cola_glass_bottle,반환,0,1
146,coca_cola_glass_bottle,구매,1,0
150,coca_cola_glass_bottle,반환,0,1
152,coca_cola_glass_bottle,구매,1,0
170,coca_cola_glass_bottle,반환,0,1
172,coca_cola_glass_bottle,구매,1,0
192,coca_cola_glass_bottle,반환,0,1
194,coca_cola_glass_bottle,구매,1,0
214,coca_cola_glass_bottle,반환,0,1
216,coca_cola_glass_bottle,구매,1,0
218,coca_cola_glass_bottle,반환,0,1
228,coca_cola_glass_bottle,구매,1,0
234,coca_cola_glass_bottle,반환,0,1
236,coca_cola_glass_bottle,구매,1,0
240,coca_cola_glass_bottle,반환,0,1
244,coca_cola_glass_bottle,구매,1,0
250,coca_cola_glass_bottle,반환,0,1
252,coca_cola_glass_bottle,구매,1,0
264,coca_cola_glass_bottle,반환,0,1
268,coca_cola_glass_bottle,구매,1,0
270,coca_cola_glass_bottle,반환,0,1
276,coca_cola_glass_bottle,구매,1,0
300,coca_cola_glass_bottle,반환,0,1
304,coca_cola_glass_bottle,구매,1,0
358,coca_cola_glass_bottle,반환,0,1
360,coca_cola_glass_bottle,구매,1,0
432,coca_cola_glass_bottle,반환,0,1
436,coca_cola_glass_bottle,구매,1,0
448,coca_cola_glass_bottle,반환,0,1
450,coca_cola_glass_bottle,구매,1,0
518,coca_cola_glass_bottle,반환,0,1
522,coca_cola_glass_bottle,구매,1,0
526,coca_cola_glass_bottle,반환,0,1
528,coca_cola_glass_bottle,구매,1,0
606,coca_cola_glass_bottle,반환,0,1
608,coca_cola_glass_bottle,구매,1,0
610,coca_cola_glass_bottle,반환,0,1
612,coca_cola_glass_bottle,구매,1,0
616,coca_cola_glass_bottle,반환,0,1
664,coca_cola_glass_bottle,구매,1,0
666,coca_cola_glass_bottle,반환,0,1
668,coca_cola_glass_bottle,구매,1,0
672,coca_cola_glass_bottle,반환,0,1
674,coca_cola_glass_bottle,구매,1,0
682,coca_cola_glass_bottle,반환,0,1
684,coca_cola_glass_bottle,구매,1,0
686,coca_cola_glass_bottle,반환,0,1
790,coca_cola_glass_bottle,구매,1,0
2318,twix,반환,0,1
2546,twix,구매,1,0
2572,twix,반환,0,1
2578,twix,구매,1,0
2580,twix,반환,0,1
2644,twix,구매,1,0
2646,twix,반환,0,1
2846,twix,구매,1,0
2850,twix,반환,0,1
2866,twix,구매,1,0
2868,twix,반환,0,1
2912,twix,구매,1,0
